,Title_Join
0,pandemi tak lanjut hingga tahun saran idi perintah
1,komentar pakar ugm soal mui tetap sinovac halal
2,dinkes gunung kidul guna astrazeneca
3,wamenag mui pusat sebut astrazeneca halal guna
4,jubir tegas gotong royong gratis
5,klinis fase turki efikasi sinovac persen
6,hasil akhir uji sinovac persen efektif persen cegah kasus berat
7,sunti pertama pfizer israel persen efektif studi jelas
8,kabar buruk pfizer tak kuat lawan virus afsel
9,kemarin literasi digital guna astrazeneca lanjut
10,satgas tingkat sembuh pasien mataram naik signifikan
11,dinkes madiun jamin aman astrazeneca
12,bpom sebut efikasi sinovac persen arti
13,humaniora kemarin varian baru hingga baja buku
14,beri astrazeneca lanjut
15,astrazeneca guna kemenkes tak alas ragu
16,tim riset pasca bulan suntik antibodi sinovac atas persen
17,indocement karyawan cegah tular
18,bpom tuju astrazeneca pakai massal
19,kerja distributor barang perlu prioritas gotong royong
20,menkes antibodi bentuk minggu
21,satgas pusat monitor laksana ppkm mikro kota madiun
22,investigasi astrazeneca jalan ema manfaat lebih besar
23,faktafakta awat rsud blitar tinggal sempat suntik riwayat luar kota
24,norwegia mati lansia tak kait langsung pfizer
25,menkes tak desak bpom segera keluar eua sinovac
26,mui astrazeneca haram guna kondisi desak
27,top satgas sebut sinovac ri sertifikasi who
28,pasien tinggal sumut tambah empat orang
29,dosis tunggal johnson johnson persen efektif lawan
30,duh pfizer kurang efektif lawan mutasi afsel
31,makin banyak varian baru who laku cepat
32,pesan jangan balas rampok
33,kabar gembira moderna ampuh lawan remaja
34,china pasti vaksin efektif lawan varian baru
35,astrazeneca sebut lebih besar manfaat efek samping
36,as buang astrazeneca ganti pakai
37,bpom ri jamin efektif varian baru virus
